{"cameraMode":{"drawMode":0,"name":"Shaded","section":"Shading Mode"},"sceneLighting":true,"audioPlay":false,"sceneViewState":{"showFog":true,"showMaterialUpdate":false,"showSkybox":true,"showFlares":true,"showImageEffects":true,"showParticleSystems":true},"in2DMode":false,"pivot":{"x":13.088424682617188,"y":1.397059679031372,"z":9.623032569885254},"rotation":{"x":0.05279923230409622,"y":0.5498404502868652,"z":-0.03485676646232605,"w":0.8328702449798584},"size":4.0578932762146,"orthographic":false}