{"cameraMode":{"drawMode":0,"name":"Shaded","section":"Shading Mode"},"sceneLighting":true,"audioPlay":false,"sceneViewState":{"showFog":true,"showMaterialUpdate":false,"showSkybox":true,"showFlares":true,"showImageEffects":true,"showParticleSystems":true},"in2DMode":false,"pivot":{"x":-10.7806396484375,"y":4.8603515625,"z":-1.6162109375},"rotation":{"x":-0.15677054226398469,"y":-0.03167256712913513,"z":0.005029605235904455,"w":-0.9871142506599426},"size":7.257378578186035,"orthographic":true}