{"cameraMode":{"drawMode":0,"name":"Shaded","section":"Shading Mode"},"sceneLighting":true,"audioPlay":false,"sceneViewState":{"showFog":true,"showMaterialUpdate":false,"showSkybox":true,"showFlares":true,"showImageEffects":true,"showParticleSystems":true},"in2DMode":false,"pivot":{"x":4.9209513664245609,"y":1.5226154327392579,"z":-1.494826316833496},"rotation":{"x":0.13162276148796082,"y":0.45168590545654299,"z":-0.06757285445928574,"w":0.8798233866691589},"size":9.174468040466309,"orthographic":false}