{"cameraMode":{"drawMode":0,"name":"Shaded","section":"Shading Mode"},"sceneLighting":false,"audioPlay":false,"sceneViewState":{"showFog":true,"showMaterialUpdate":false,"showSkybox":false,"showFlares":true,"showImageEffects":true,"showParticleSystems":true},"in2DMode":false,"pivot":{"x":2.1389033794403078,"y":0.9899304509162903,"z":-2.6850147247314455},"rotation":{"x":-0.019412580877542497,"y":-0.09546391665935517,"z":0.0018616197630763054,"w":-0.9952418804168701},"size":3.412393569946289,"orthographic":false}