{"cameraMode":{"drawMode":0,"name":"Shaded","section":"Shading Mode"},"sceneLighting":false,"audioPlay":false,"sceneViewState":{"showFog":true,"showMaterialUpdate":false,"showSkybox":false,"showFlares":true,"showImageEffects":true,"showParticleSystems":true},"in2DMode":false,"pivot":{"x":-25.18000030517578,"y":-1.6899179220199586,"z":-16.970483779907228},"rotation":{"x":0.06813891232013703,"y":-0.7550104856491089,"z":0.07945700734853745,"w":0.6473042964935303},"size":3.0563387870788576,"orthographic":false}