{"cameraMode":{"drawMode":0,"name":"Shaded","section":"Shading Mode"},"sceneLighting":false,"audioPlay":false,"sceneViewState":{"showFog":true,"showMaterialUpdate":false,"showSkybox":false,"showFlares":true,"showImageEffects":true,"showParticleSystems":true},"in2DMode":false,"pivot":{"x":0.11432906985282898,"y":1.3695580959320069,"z":0.5660138726234436},"rotation":{"x":-0.07370064407587052,"y":0.4458925724029541,"z":-0.03687150031328201,"w":-0.8912848234176636},"size":2.745234251022339,"orthographic":false}