{"cameraMode":{"drawMode":0,"name":"Shaded","section":"Shading Mode"},"sceneLighting":false,"audioPlay":false,"sceneViewState":{"showFog":true,"showMaterialUpdate":false,"showSkybox":false,"showFlares":true,"showImageEffects":true,"showParticleSystems":true},"in2DMode":false,"pivot":{"x":0.0,"y":1.4573934078216553,"z":-0.18255358934402467},"rotation":{"x":0.13162276148796082,"y":0.45168590545654299,"z":-0.06757285445928574,"w":0.8798233866691589},"size":7.669225692749023,"orthographic":false}