{"cameraMode":{"drawMode":0,"name":"Shaded","section":"Shading Mode"},"sceneLighting":false,"audioPlay":false,"sceneViewState":{"showFog":true,"showMaterialUpdate":false,"showSkybox":false,"showFlares":true,"showImageEffects":true,"showParticleSystems":true},"in2DMode":false,"pivot":{"x":-0.19392704963684083,"y":0.42048460245132449,"z":0.10907605290412903},"rotation":{"x":0.06813891232013703,"y":-0.7550104856491089,"z":0.07945700734853745,"w":0.6473042964935303},"size":2.45633602142334,"orthographic":false}