{"cameraMode":{"drawMode":0,"name":"Shaded","section":"Shading Mode"},"sceneLighting":false,"audioPlay":false,"sceneViewState":{"showFog":true,"showMaterialUpdate":false,"showSkybox":false,"showFlares":true,"showImageEffects":true,"showParticleSystems":true},"in2DMode":false,"pivot":{"x":1.9913848638534547,"y":2.5636544227600099,"z":3.7043051719665529},"rotation":{"x":0.1315591186285019,"y":-0.029440952464938165,"z":0.003908901941031218,"w":0.9908633232116699},"size":2.161836862564087,"orthographic":false}