{"cameraMode":{"drawMode":0,"name":"Shaded","section":"Shading Mode"},"sceneLighting":false,"audioPlay":false,"sceneViewState":{"showFog":true,"showMaterialUpdate":false,"showSkybox":false,"showFlares":true,"showImageEffects":true,"showParticleSystems":true},"in2DMode":false,"pivot":{"x":-0.48436859250068667,"y":0.11947518587112427,"z":-1.101875901222229},"rotation":{"x":-0.02061731368303299,"y":0.9616897702217102,"z":-0.07546461373567581,"w":-0.26274099946022036},"size":2.988276958465576,"orthographic":false}